District,Name,Server,Comments,,,,,,
KPD,KPDABENMPMF01,\\kpdabenmfsv01,Ricoh Aficio MP C4501 - Safety/Conference Trailer ,,,,,,
KPD,KPDABENMPMF02,\\kpdabenmfsv01,Ricoh Aficio MP C6501 - Construction Trailer - Copier Room,,,,,,
KPD,KPDABENMPMF03,\\kpdabenmfsv01,Ricoh Aficio MP C4501 - Construction Trailer - Document Control,,,,,,
KPD,KPDABENMPMF04,\\kpdabenmfsv01,Ricoh Aficio MP C4501 - Construction Trailer - East Side,,,,,,
KPD,KPDABENMPMF05,\\kpdabenmfsv01,Ricoh Aficio MP C4501 - Purchasing Trailer,,,,,,
KPD,KPDABENMPMF06,\\kpdabenmfsv01,Ricoh Aficio MP C4502 - 8-Plex,,,,,,
KPD,KPDABENMPTR01,\\kpdabenmfsv01,hp Laserjet 5200 - Construction Trailer - TIC Payroll Office,,,,,,
KPD,KPDABENMPTR02,\\kpdabenmfsv01,HP Deskjet 6500A - Construction Trailer - Reception,,,,,,
KPD,KPDABENMPWF01,\\kpdabenmfsv01,hp DesignJet 510 - Construction Trailer - Copier Room,,,,,,
KPD,KPDABENMPWF02,\\kpdabenmfsv01,hp DesignJet 510 - 8-plex,,,,,,
SOC,HP4240-RyanWalsh,"\\soccsapwfsv01	",,,,,,,
SOC,HP5200-Segment2,"\\soccsapwfsv01	 ",,,,,,,
SOC,HP6040-Segment3,"\\soccsapwfsv01	 ",,,,,,,
SOC,HP6040-Segment3-Receptionist,"\\soccsapwfsv01	 ",,,,,,,
SOC,HP6040-Segment3-Receptionist-PDF,\\soccsapwfsv01,HP6040-Segment3-Receptionist-PDF ,,,,,,
SOC,HPCP5520-Bruin Yard,"\\soccsapwfsv01	 ",,,,,,,
SOC,HPLaserJet5525-HalfmoonYard,"\\soccsapwfsv01	 ",,,,,,,
SOC,HPP2055-DanielleReeder,"\\soccsapwfsv01	 ",,,,,,,
SOC,HPP3015-Business,"\\soccsapwfsv01	 ",,,,,,,
SOC,HPPlotterT1120ps-Halfmoon,"\\soccsapwfsv01	 ",,,,,,,
SOC,HPPlotterT1120ps-Halfmoon-PDFdriver,"\\soccsapwfsv01	 ",,,,,,,
SOC,HPPlotterT770-Segment1,"\\soccsapwfsv01	 ",,,,,,,
SOC,HPPlotterT770-Segment1-PDFdriver,"\\soccsapwfsv01	 ",,,,,,,
SOC,HPPlotterT770-Segment3,"\\soccsapwfsv01	 ",,,,,,,
SOC,HPPlotterT770-Segment3-PDFdriver,"\\soccsapwfsv01	 ",,,,,,,
SOC,HPPlotterT790-Segment2,"\\soccsapwfsv01	 ",,,,,,,
SOC,HPPlotterT790-Segment2-PDFdriver,"\\soccsapwfsv01	 ",,,,,,,
SOC,RICOH-WILSHIRE01,"\\soccsapwfsv01	 ",,,,,,,
SOC,RICOH-WILSHIRE02,"\\soccsapwfsv01	 ",,,,,,,
SOC,Ricoh4501-HalfMoon01,"\\soccsapwfsv01	 ",,,,,,,
SOC,Ricoh4501-HalfMoon02,"\\soccsapwfsv01	 ",,,,,,,
SOC,RicohMPC6502-Segment 2,"\\soccsapwfsv01	 ",,,,,,,
SOC,XeroxWorkCenter7765-HalfmoonYard,"\\soccsapwfsv01	 ",,,,,,,
WCD,BrotherMFC-J6510DW,"\\WCDMBDBJFSV01	 ",,,,,,,
WCD,BrotherMFC-J6910DW_Batch_Plant,"\\WCDMBDBJFSV01	 ",,,,,,,
WCD,HP T790PS - HPGL2,"\\WCDMBDBJFSV01	 ",,,,,,,
WCD,HPDJet T790PS_Conference_Room,\\WCDMBDBJFSV01,Pointe Du Bois ,,,,,,
WCD,RICOH Aficio MP C4502_Mechanical,"\\WCDMBDBJFSV01	 ",,,,,,,
WCD,Ricoh Aficio MP C4502_Quality_Lab,"\\WCDMBDBJFSV01	 ",,,,,,,
WCD,RICOH Aficio MP C7501_8-Plex,"\\WCDMBDBJFSV01	 ",,,,,,,
WCD,Ricoh Aficio MP C7501_Reception,\\WCDMBDBJFSV01,Reception ,,,,,,
WCD,Ricoh MPC_4502_Maintenance_Shop,"\\WCDMBDBJFSV01	 ",,,,,,,
WCD,Xerox WC 7120_Earthworks,\\WCDMBDBJFSV01,Center Island ,,,,,,
WCD,Xerox WC 7120_Structures,"\\WCDMBDBJFSV01	 ",,,,,,,
WCD,Xerox WC_ 6605DN_Survey,\\WCDMBDBJFSV01,Survey Printer ,,,,,,
WCD,Xerox WC_6605DN_EarthWorks,"\\WCDMBDBJFSV01	 ",,,,,,,
WCD,Xerox WC_7120 Warehouse,"\\WCDMBDBJFSV01	 ",,,,,,,
WCD,Xerox WC_7120_Survey,\\WCDMBDBJFSV01,8 Plex Survey Dept ,,,,,,
WCD,Xerox WorkCentre WCD Warehouse 6605DN PCL 6  Print,"\\WCDMBDBJFSV01	 ",,,,,,,
KEU,KEUMDCPLPTR03  Print,"\\KEUTXCPHFSV01	 ",,,,,,,
KEU,KEUMDCPLWFP01,"\\KEUTXCPHFSV01	 ",,,,,,,
KEU,KEUTXCP2PTR01,"\\KEUTXCPHFSV01	 ",,,,,,,
KEU,KEUTXCP2PTR02,"\\KEUTXCPHFSV01	 ",,,,,,,
KEU,KEUTXCPHPTR01,"\\KEUTXCPHFSV01	 ",,,,,,,
KEU,KEUTXCPHPTR02,"\\KEUTXCPHFSV01	 ",,,,,,,
KEU,KEUTXCPHPTR03,"\\KEUTXCPHFSV01	 ",,,,,,,
KEU,KEUTXCPHPTR04,\\KEUTXCPHFSV01,HP LaserJet P3011P3015 PCL6VIP printer only - must check with Leilani before connecting   ,,,,,,
KEU,KEUTXCPHPTR05,\\KEUTXCPHFSV01,BM's check printer outside Mark Ruml's office                                       ,,,,,,
KEU,KEUTXCPHWFP01,\\KEUTXCPHFSV01,Plotter                                                                                   ,,,,,,
KEU,KEUTXCPXPTR01,"\\KEUTXCPHFSV01	 ",,,,,,,
KEU,KEUTXCPXPTR02,\\KEUTXCPHFSV01,Nearest Reception ,,,,,,
KEU,KEUTXCPXPTR03,"\\KEUTXCPHFSV01	 ",,,,,,,
KEU,KEUTXCPXWFP01,\\KEUTXCPHFSV01,Plotter ,,,,,,
TUS,TUSGASAVCHKPTR,\\TUSGASAVFSV01,Check Printer Downstairs in the secured storage area across from Charlie Spence ,,,,,,
TUS,TUSGASAVPTR01,\\TUSGASAVFSV01,Ricoh C6501,North 2nd Floor,,,,,
TUS,TUSGASAVPTR02,\\TUSGASAVFSV01,Savin 9040,1st Floor South,,,,,
TUS,TUSGASAVPTR03,\\TUSGASAVFSV01,Kyocera - CS400ci,North 2nd floor,,,,,
TUS,TUSGASAVPTR05,\\TUSGASAVFSV01,Aficio C3000,2nd Floor South,,,,,
TUS,TUSGASAVPTR06,\\TUSGASAVFSV01,HP Designjet 500PS Plotter,1st Floor South,,,,,
TUS,TUSGASAVPTR09,\\TUSGASAVFSV01,Upstairs ,,,,,,
SOC,SOCCASFS-HP5200-BusinessDept,\\SOCCASFSFSV01,HP5200-BusinessDept ,,,,,,
SOC,SOCCASFS-HPCheckPrinter,\\SOCCASFSFSV01,HPCheckPrinter ,,,,,,
SOC,SOCCASFS-HPColor-BusinessDept,\\SOCCASFSFSV01,HPColor-BusinessDept ,,,,,,
SOC,SOCCASFS-HPColor-SponsorAlley,\\SOCCASFSFSV01,HPColor-SponsorAlley ,,,,,,
SOC,SOCCASFS-HPColorJoseP,\\SOCCASFSFSV01,HPColorJoseP ,,,,,,
SOC,SOCCASFS-MechanicalDept,\\SOCCASFSFSV01,MechanicalDept ,,,,,,
SOC,SOCCASFS-Plotter-BidRoom,\\SOCCASFSFSV01,Plotter-BidRoom ,,,,,,
SOC,SOCCASFS-Plotter-Trailer,\\SOCCASFSFSV01,Plotter-Trailer ,,,,,,
SOC,SOCCASFS-RicohBW-BusinessDept,\\SOCCASFSFSV01,RicohBW-BusinessDept ,,,,,,
SOC,SOCCASFS-RicohBW-EstimatingDept,\\SOCCASFSFSV01,RicohBW-EstimatingDept ,,,,,,
SOC,SOCCASFS-RICOHC901-ProposalRoom,\\SOCCASFSFSV01,RICOHC901-ProposalRoom ,,,,,,
SOC,SOCCASFS-RicohColor-BidRoom,\\SOCCASFSFSV01,RicohColor-BidRoom ,,,,,,
SOC,SOCCASFS-RicohColor-DistrictShop,\\SOCCASFSFSV01,RicohColor-DistrictShop ,,,,,,
SOC,SOCCASFS-RicohColor-Trailer,\\SOCCASFSFSV01,RicohColor-Trailer ,,,,,,
ECD,Canon iPF810,\\ECDONOAKFSV01,iPF810 Plotter ,,,,,,
ECD,HP2300Acct,\\ECDONOAKFSV01,HP LaserJet 2300 Accounting ,,,,,,
ECD,HPCM2320nfExec,\\ECDONOAKFSV01,HP CM2320nf ,,,,,,
ECD,HPP3015Acct,\\ECDONOAKFSV01,HP LaserJet P3015 Accounting ,,,,,,
ECD,Ricoh1BW,\\ECDONOAKFSV01,Ricoh 1 BW ,,,,,,
ECD,Ricoh1Colour,\\ECDONOAKFSV01,Ricoh 1 Colour ,,,,,,
ECD,Ricoh2BW,\\ECDONOAKFSV01,Ricoh 2 BW ,,,,,,
ECD,Ricoh2Colour,\\ECDONOAKFSV01,Ricoh 2 Colour ,,,,,,
ECD,Ricoh3BW,\\ECDONOAKFSV01,Ricoh 3 BW ,,,,,,
ECD,Ricoh3Colour,\\ECDONOAKFSV01,Ricoh 3 Colour ,,,,,,
ECD,Ricoh4BW,\\ECDONOAKFSV01,Ricoh 4 BW ,,,,,,
ECD,Ricoh4Colour,\\ECDONOAKFSV01,Ricoh 4 Colour ,,,,,,
ECD,Ricoh5BW,\\ECDONOAKFSV01,Ricoh 5 BW ,,,,,,
ECD,Ricoh5Colour,\\ECDONOAKFSV01,Ricoh 5 Colour ,,,,,,
SCD,SCDLAPCCPLT06-Orleans,\\SCDLAPC1FSV01,HP T1200 Plotter ,,,,,,
SCD,SCDLAPCCPMFP01-WhiteHouse,\\SCDLAPC1FSV01,WhiteHouse ,,,,,,
SCD,SCDLAPCCPMFP02-DocumentControl,\\SCDLAPC1FSV01,DocumentControl ,,,,,,
SCD,SCDLAPCCPMFP03-Design,\\SCDLAPC1FSV01,Design ,,,,,,
SCD,SCDLAPCCPMFP04-Operations,\\SCDLAPC1FSV01,Operations ,,,,,,
SCD,SCDLAPCCPMFP05-AreaOffice,\\SCDLAPC1FSV01,AreaOffice ,,,,,,
SCD,SCDLAPCCPMFP06-17-3-Construction,\\SCDLAPC1FSV01,Construction ,,,,,,
SCD,SCDLAPCCPMFP07-OrleansConstruction,\\SCDLAPC1FSV01,OrleansConstruction ,,,,,,
SCD,SCDLAPCCPMFP08-London,\\SCDLAPC1FSV01,London ,,,,,,
SCD,SCDLAPCCPMFP09-Survey,\\SCDLAPC1FSV01,Survey ,,,,,,
SCD,SCDLAPCCPMFP10-Maintenance,\\SCDLAPC1FSV01,Maintenance ,,,,,,
SCD,SCDLAPCCPMFP11-Safety,\\SCDLAPC1FSV01,Safety ,,,,,,
SCD,SCDLAPCCPPLT02-17-3Construction,\\SCDLAPC1FSV01,Construction ,,,,,,
SCD,SCDLAPCCPPLT04-London,\\SCDLAPC1FSV01,London,,,,,,
SCD,SCDLAPCCPPLT07-Design,\\SCDLAPC1FSV01,Design ,,,,,,
SCD,SCDLAPCCPPRT02-CheckPrinter,\\SCDLAPC1FSV01,CheckPrinter ,,,,,,
SCD,SCDLAPCCPPRT03-Maintenance,\\SCDLAPC1FSV01,Maintenance ,,,,,,
ECD,224 - DCC     ,\\ECDNLLONFSV01,10.32.161.177,,,,,,
ECD,224 - Electrical 1,\\ECDNLLONFSV01,10.32.161.152,,,,,,
ECD,224 - LOTO,\\ECDNLLONFSV01,Nick Thomas' Trailer,,,,,,
ECD,224 - Management,\\ECDNLLONFSV01,Mike Moriarity's Trailer,,,,,,
ECD,224 - Materials,\\ECDNLLONFSV01,224 - Materials,,,,,,
ECD,224 - Piping 1,\\ECDNLLONFSV01,224 - Piping 1,,,,,,
ECD,224 - Piping 2,\\ECDNLLONFSV01,224 - Piping 2,,,,,,
ECD,224 - Quality 1,\\ECDNLLONFSV01,Brad Fagan's Trailer,,,,,,
ECD,224 - Safety,\\ECDNLLONFSV01,224 - Safety,,,,,,
ECD,224 - Site Services,\\ECDNLLONFSV01,John Picco's Office,,,,,,
ECD,224 - Structural Mechanical,\\ECDNLLONFSV01,Brad Dixon's Trailer,,,,,,
ECD,226 - LR,\\ECDNLLONFSV01,226 - LR,,,,,,
ECD,226 - Main Office,\\ECDNLLONFSV01,226 - Main Office,,,,,,
ECD,226 - Plotter,\\ECDNLLONFSV01,226 - Plotter,,,,,,
ECD,ECDNLLLY-MAINTENANCE-C360-BW,\\ECDNLLONFSV01,ECDNLLLY-MAINTENANCE-C360-BW,,,,,,
ECD,ECDNLLLY-WAREHOUSE-C35,\\ECDNLLONFSV01,Colour,,,,,,
ECD,ECDNLLLY-WHCP-C452-BW,\\ECDNLLONFSV01,ECDNLLLY-WHCP-C452-BW,,,,,,
ECD,Maintenance Shop,\\ECDNLLONFSV01,Maintenance Shop,,,,,,
AER,Accounting_Color,\\AERAZINTFSV01,Image Runner Color 5235,,,,,,
AER,AERO-iRC5235,\\AERAZINTFSV01,AERO-iRC5235,,,,,,
AER,AERO_Canon6255,\\AERAZINTFSV01,Engineering/Design,,,,,,
AER,CanoniR5570PCL5e,\\AERAZINTFSV01,Canon iR5570/iR6570 PCL5e,,,,,,
AER,CoronaColorCanon,\\AERAZINTFSV01,Corona Color Canon,,,,,,
AER,Design_BlackandWhite,\\AERAZINTFSV01,Canon IR6255,,,,,,
AER,HP Color LaserJet CP2020 Series PCL6,\\AERAZINTFSV01,HP Color LaserJet CP2020 Series PCL6,,,,,,
AER,HP LaserJet 42004300 PCL6,\\AERAZINTFSV01,HP LaserJet 4200/4300 PCL6,,,,,,
AER,HPLJ4300,\\AERAZINTFSV01,BS,,,,,,
AER,Reception_Color,\\AERAZINTFSV01,Toshiba 281C Color,,,,,,
AER,Service&Alarm,\\AERAZINTFSV01,Service&Alarm,,,,,,
KEU,KEUCMS,\\KEUTXHOUFSV01,"KEUTXHOUPTR06 - For printing from CMS DOS, DO NOT CHANGE NAME  ",,,,,,
KEU,SHDTXWOOPMF05,\\KEUTXHOUFSV01,Restricted - Marketing War Room,,,,,,
KEU,TUSTXHOUPMF01,\\KEUTXHOUFSV01,TUSTXHOU - Ricoh MPC6501 SP - Copy Room                        ,,,,,,
KEU,TUSTXHOUPMF02,\\KEUTXHOUFSV01,TUSTXHOU - Ricoh C6501SP - Copy Room                           ,,,,,,
KEU,TUSTXHOUPMF03,\\KEUTXHOUFSV01,TUSTXHOU - Ricoh MP 5001 - Estimating                          ,,,,,,
KEU,TUSTXHOUPMF04,\\KEUTXHOUFSV01,TUSTXHOU - Ricoh MP 5002 - Ops,,,,,,
KEU,TUSTXHOUPMF05,\\KEUTXHOUFSV01,TUSTXHOU - Ricoh MP C5000 - Estimating,,,,,,
KEU,TUSTXHOUPMF11,\\KEUTXHOUFSV01,TUSTXHOUPMF11 - MP C2551 - HR Area,,,,,,
KEU,TUSTXHOUPMF12,\\KEUTXHOUFSV01,TUSTXHOU - Ricoh MP2352 -Suite 275,,,,,,
KEU,TUSTXHOUPMF14,\\KEUTXHOUFSV01,2nd Floor - TUSTXHOUPMF14 - South,,,,,,
KEU,TUSTXHOUPMF15,\\KEUTXHOUFSV01,2ND FLOOR - Ricoh MP C4503 - North,,,,,,
KEU,TUSTXHOUPWF09,\\KEUTXHOUFSV01,TUSTXHOU - HP Designjet T1200 - Estimating,,,,,,
KEU,TUSTXHOUPWF10,\\KEUTXHOUFSV01,TUSTXHOU - Ricoh MP W3600 - Estimating,,,,,,
KEU,TUSTXHOUPWF12,\\KEUTXHOUFSV01,2nd Floor Plotter - Ricoh MP CW2200SP,,,,,,
AER,CanonColorPlotter,\\AERAZPHXFSV01,Aero district office design department color plotter iPF765,,,,,,
AER,HP LJ CP2025dn UPD PCL 6,\\AERAZPHXFSV01,IT room color laserjet,,,,,,
AER,HPLJ1200,\\AERAZPHXFSV01,HP LaserJet 1200 PCL 6,,,,,,
AER,HPLJ41N,\\AERAZPHXFSV01,Jetpipe packing list,,,,,,
AER,iR5000,\\AERAZPHXFSV01,Aero district office estimating department,,,,,,
AER,JET_LJ4100PCL5,\\AERAZPHXFSV01,Jetpipe packing list printer,,,,,,
AER,Jet_Packing List,\\AERAZPHXFSV01,"Set for two pages per sheet, duplex, landscape 8X11",,,,,,
AER,Service-TI-Estimating,\\AERAZPHXFSV01,Aero district office Service-TI-Estimating B/W,,,,,, 
AER,Service_and_Alarm_Dept,\\AERAZPHXFSV01,Aero district office Service Dept B/W,,,,,,
AER,TDS700,\\AERAZPHXFSV01,Design department plotter,,,,,,
GAN,HPLaserJet4200.Administration,\\GANQCTROFSV01,HPLaserJet4200.Administration,,,,,,
GAN,HPLaserJetC300.Qualite,\\GANQCTROFSV01,HPLaserJetC300.Qualite,,,,,,
GAN,HPLaserJetP4515.PAIES,\\GANQCTROFSV01,HPLaserJetP4515.PAIES,,,,,,
GAN,HPLaserJetP4515.Payable,\\GANQCTROFSV01,HPLaserJetP4515.Payable,,,,,,
GAN,RicohAficiMP201.Payable,\\GANQCTROFSV01,RicohAficiMP201.Payable,,,,,,
GAN,RicohAficio2550B.Atelier,\\GANQCTROFSV01,RicohAficio2550B.Atelier,,,,,,
GAN,RicohAficio2550B.Qualite,\\GANQCTROFSV01,RicohAficio2550B.Qualite,,,,,,
GAN,RicohAficioC2003.RH,\\GANQCTROFSV01,RicohAficioC2003.RH,,,,,,
GAN,RicohAficioC3300.Estimation,\\GANQCTROFSV01,RicohAficioC3300.Estimation,,,,,,
GAN,RicohAficioC4501.Administration,\\GANQCTROFSV01,RicohAficioC4501.Administration,,,,,,
GAN,RicohAficioC4501.Estimation,\\GANQCTROFSV01,RicohAficioC4501.Estimation,,,,,,
GAN,RicohAficioMp201.Magasin,\\GANQCTROFSV01,10.32.16.66,,,,,,
GAN,RicohAficioMp201.Reception,\\GANQCTROFSV01,RicohAficioMp201.Reception,,,,,,
GAN,RicohAficioW2200.Estimation,\\GANQCTROFSV01,2eme ‚tage,,,,,,
SCD,CantonShopHP476nw,\\SCDTXFTWFSV01,CantonShopHP476nw,,,,,,
SCD,EST5100S,\\SCDTXFTWFSV01,Proposal,,,,,,
SCD,HP1200_Plotter_2499_BuddyHopkins_Trailer,\\SCDTXFTWFSV01,Serial Number: SG9A519009 ; Service ID: 02012 ; HP Designjet T1200 ; Port 19 on SCDTXFTWIFOSWD01,,,,,,
SCD,HP4000_Plotter_2499_TexasStar_Trailer,\\SCDTXFTWFSV01,Serial Number: SG8AJR900D ; Service ID: 19127 ; HP Designjet 4000ps ;  Port 4 on SCDTXIFOSWP01,,,,,,
SCD,Loop375ShopHP200,\\SCDTXFTWFSV01,Loop375ShopHP200,,,,,,
SCD,Ricoh4000_2499_BuddyHopkins_Trailer,\\SCDTXFTWFSV01,Serial Number:  V1304900221 ; Serial Tag: 12094008; Ricoh Aficio MP c4000 ; Port 11 on SCDTXFTWIFOSWD01,,,,,,
SCD,Ricoh5000_2499_TexasStar_Trailer,\\SCDTXFTWFSV01,Serial Number: V1305000825; Serial Tag: 12095002; Ricoh Aficio MP c5000 ; Port 3 on SCDTXIFOSWP01,,,,,,
KBM,52PCanon5050,\\KBMWA52PFSV01,52P Canon IR5050,,,,,,
KBM,52PDesignJet4500,\\KBMWA52PFSV01,Postscript,,,,,,
KBM,52PMaintenance,\\KBMWA52PFSV01,52P Maintenance,,,,,,
KBM,52PRicohC5501A,\\KBMWA52PFSV01,52P Ricoh C5501A,,,,,,
KBM,KBMWA52P-DESIGNJET-1055CM,\\KBMWA52PFSV01,KBMWA52P-DESIGNJET-1055CM,,,,,,
KBM,KBMWA52P-HPLJP3015 V2 Payroll,\\KBMWA52PFSV01,KBMWA52P 520 Pontoons Business Office,,,,,,
KBM,KBMWA52P-RicohC2051-MaintenanceShed,\\KBMWA52PFSV01,KBMWA52P-RicohC2051-MaintenanceShed PCL 5c,,,,,,
KBM,KBMWA52P-RicohC4500 Float Out Trailer,\\KBMWA52PFSV01,KBMWA52P-RicohC4500 Float Out Trailer,,,,,,
KBM,KBMWA52P-RicohC6501-Engineer,\\KBMWA52PFSV01,KBMWA52P-RicohC6501-Engineer 10.116.112.111,,,,,,
TUS,TUSTXEWTPTR01,\\TUSTXEWTFSV01,RICOH Aficio MP C4501 PCL 6,,,,,,
TUS,TUSTXEWTPTR02,\\TUSTXEWTFSV01,Dell 2330dn Laser Printer XL,,,,,,
TUS,TUSTXEWTPTR03,\\TUSTXEWTFSV01,HP Designjet 500 24in,,,,,,
TUS,TUSTXEWTPTR04,\\TUSTXEWTFSV01,Dell 7330dn PCL6 - 10.216.149.134,,,,,,
TUS,TUSTXEWTPTR05,\\TUSTXEWTFSV01,TUSTXEWTPTR05,,,,,,
NOC,NOCCAFSFPTR01  Print,\\NOCCAFSFFSV01,10.132.33.141,,,,,,
NOC,NOCCAFSFPTR02  Print,\\NOCCAFSFFSV01,KONICA MINOLTA Universal PCL - 10.132.33.199,,,,,,
NOC,NOCCAFSFPTR03  Print,\\NOCCAFSFFSV01,KONICA MINOLTA Universal PCL - 10.132.33.201,,,,,,
NOC,NOCCAFSFPTR04  Print,\\NOCCAFSFFSV01,HP LaserJet P3011/P3015 PCL6 - 10.132.33.131,,,,,,
NOC,NOCCAFSFPTR05  Print,\\NOCCAFSFFSV01,10.132.34.136,,,,,,
NOC,NOCCAFSFPTR06  Print,\\NOCCAFSFFSV01,10.132.34.50,,,,,,
NOC,NOCCAFSFPWF01  Print,\\NOCCAFSFFSV01,HP DesignJet 1055CM by HP,,,,,,
KBM,EQUIPMENT-IR3570,\\KBMWASEAFSV01,EQUIPMENT-IR3570,,,,,,
KBM,EQUIPMENT-IR3570-PS,\\KBMWASEAFSV01,KBMWASEA,,,,,,
KBM,KBMWASEA-Equipment-Ricoh-MPC4501,\\KBMWASEAFSV01,KBMWASEAFSV01,,,,,,
KBM,KBMWASEA-HPP3015-CHECK,\\KBMWASEAFSV01,KBMWASEA,,,,,,
KBM,KBMWASEA-PLOTTER5500,\\KBMWASEAFSV01,10.113.114.22,,,,,,
KBM,KBMWASEA-Ricoh#2,\\KBMWASEAFSV01,KBMWASEA Ricoh MPC4501,,,,,,
KBM,MARINE-HP3027,\\KBMWASEAFSV01,KBMWASEA Marine trailer: HP LaserJet M3027 (B&W + Fax),,,,,,
KBM,MARINE-HP4050,\\KBMWASEAFSV01,Marine trailer: HP 4050 (B&W),,,,,,
TUS,HP Designjet T2300ps PS3,\\TUSCABAKFSV01,TUSCABAKPTR08,,,,,,
TUS,TUSCABAKPTR06,\\TUSCABAKFSV01,TUSCABAKPTR06,,,,,,
TUS,TUSCABAKPTR16,\\TUSCABAKFSV01,Serial Number: V1205400971,,,,,,
TUS,TWECABAKPMF01,\\TUSCABAKFSV01,TWECABAKPMF01,,,,,,
TUS,TWECABAKPMF04,\\TUSCABAKFSV01,TWECABAKPMF04,,,,,,
TUS,TWECABAKPMF05,\\TUSCABAKFSV01,TWECABAKPMF05,,,,,,
TUS,TWECABAKPMF07,\\TUSCABAKFSV01,TWECABAKPMF07,,,,,,
TUS,TWECABAKPMF14,\\TUSCABAKFSV01,TWECABAKPMF14,,,,,,
KBM,ADMIN,\\KBMHIWAIFSV01,Ricoh MP2851 PCL 6,,,,,,
KBM,Basement RICOH MP 2851 PCL 6,\\KBMHIWAIFSV01,Basement  Ricoh MP2851,,,,,,
KBM,HP LaserJet P3015 CHECK PRINTER,\\KBMHIWAIFSV01,HP LaserJet P3015 CHECK PRINTER,,,,,,
KBM,Ricoh MP 3001  Civil,\\KBMHIWAIFSV01,Civil,,,,,,
KBM,RICOH_EXECUTIVE,\\KBMHIWAIFSV01,RICOH Aficio MP C3001 EXECUTIVE,,,,,,
KBM,RICOH_SHAFT_GROUP,\\KBMHIWAIFSV01,RICOH Aficio MP C2800 SHAFT GROUP,,,,,,
KBM,RICOH_STRUCTURES,\\KBMHIWAIFSV01,RICOH Aficio MP C5000 STRUCTURES,,,,,,
KBM,RICOH_WOFH_1ST_FLOOR,\\KBMHIWAIFSV01,RICOH Aficio MP C7501 WOFH 1ST FLOOR,,,,,,
KBM,RICOH_WOFH_DESIGN,\\KBMHIWAIFSV01,RICOH Aficio C5000 WOFH DESIGN,,,,,,
GAN,HpDesignJet500.Estimation,\\GANQCMONFSV01,HpDesignJet500.Estimation,,,,,,
GAN,RicohAficio2045.Reception,\\GANQCMONFSV01,Ganotec Montreal,,,,,,
GAN,RicohAficioC2003.Atelier,\\GANQCMONFSV01,10.32.44.61,,,,,,
GAN,RicohAficioC4500.Estimation,\\GANQCMONFSV01,Ganotec Montreal,,,,,,
GAN,RicohAficioMp2500.Technique,\\GANQCMONFSV01,Ganotec Montreal,,,,,,
GAN,RicohAficioMp2550.Mugafab,\\GANQCMONFSV01,Ganotec Montreal,,,,,,
GAN,RicohAficioMp2852.Administration,\\GANQCMONFSV01,RicohAficioMp2852.Administration,,,,,,
GAN,RicohAficioMpC2051.Technique,\\GANQCMONFSV01,10.32.44.58,,,,,,
GAN,RicohAficioW2400.Administration,\\GANQCMONFSV01,Ganotec Montreal,,,,,,
NOC,NOCCAANTPTR01,\\NOCCAANTFSV01,HP Color LaserJet 3700   10.142.66.27 ,,,,,,
NOC,NOCCAANTPTR02,\\NOCCAANTFSV01,RICOH Aficio MP C5502A 10.142.66.19,,,,,,
NOC,NOCCAANTPTR03,\\NOCCAANTFSV01,RICOH Aficio MP 8001 10.142.66.18,,,,,,
NOC,NOCCAANTPTR04,\\NOCCAANTFSV01,HP LaserJet P3015 PCL6   10.142.66.28,,,,,,
NOC,NOCCAANTPWF01,\\NOCCAANTFSV01,Xerox 6204 Wide Format with FreeFlow Accxes   10.142.66.31,,,,,,
TUS,HP Universal Printing PS (v5.3),\\TUSCAAPBFSV01,TUSCAAPBPTR02                       ,,,,,,
TUS,Savin 8075 PCL,\\TUSCAAPBFSV01,TUSCAAPBPRT03,,,,,,
TUS,TUSCAAPBPTR01,\\TUSCAAPBFSV01,TUSCAAPBPTR01,,,,,,
MET,MECCAPRINT3,\\METCALAVFSV01,MECCAPRINT3,,,,,,
MET,MECCCACOPY1BW,\\METCALAVFSV01,RICOH Aficio MP C6501,,,,,,
MET,MECCCACOPY1Color,\\METCALAVFSV01,RICOH Aficio 3260C,,,,,,
MET,MECCCACOPY2BW,\\METCALAVFSV01,BW DEFAULT,,,,,,
MET,MECCCACOPY2Color,\\METCALAVFSV01,COLOR DEFAULT,,,,,,
MET,MECCCAPlot1,\\METCALAVFSV01,HP DesignJet 500 42 by HP,,,,,,
MET,MECCCAPRINT1,\\METCALAVFSV01,HP LaserJet 8150,,,,,,
CFA,CanonC5051,\\CFAIADAVFSV01,Canon iR-ADV C5051,,,,,,
CFA,CFAIADAVPTR00,\\CFAIADAVFSV01,Xerox WorkCentre 7225 PCL6,,,,,,
CFA,HP Designjet 800 42 by HP,\\CFAIADAVFSV01,HP Designjet 800 42 by HP,,,,,,
CFA,HP LaserJet 4345MFP PCL 6,\\CFAIADAVFSV01,HP LaserJet 4345MFP PCL 6,,,,,,
CFA,Xerox 6604 Wide Format with FreeFlow Accxes,\\CFAIADAVFSV01,Xerox 6604 Wide Format with FreeFlow Accxes,,,,,,
KBM,KBMWA52B-EAST no Tabloid,\\KBMWA52BFSV01,KBMWA52B-EAST no Tabloid pcl 6,,,,,,
KBM,KBMWA52B-HPP3015N-CHECK,\\KBMWA52BFSV01,PCL 5 10.116.122.254,,,,,,
KBM,KBMWA52B-QUALITY,\\KBMWA52BFSV01,KBMWA52B 10.116.122.20,,,,,,
KBM,52-EAST-DOUBLE-SIDED,\\KBMWA52BFSV01,Ricoh MPC3502,,,,,,
KBM,52B-EAST,\\KBMWA52BFSV01,KBMWA52B-EAST Ricoh MPC3501 pcl6,,,,,,
KBM,52B-HP5000-PLOTTER,\\KBMWA52BFSV01,KBMWA52B-EAST,,,,,,
KBM,52B-MAILROOM,\\KBMWA52BFSV01,52B-MAILROOM,,,,,,
KBM,52B-Mailroom Double Sided,\\KBMWA52BFSV01,52B-Mailroom Double Sided,,,,,,
KBM,52KRicohC2051,\\KBMWA52BFSV01,RICOH Aficio MP C2051 PCL 6,,,,,,
WCB,MLML_KC_A_Plotter,\\WCDABMLSFSV01,MLML_KC_A_Plotter,,,,,,
WCB,MLMR_KC_A_1,\\WCDABMLSFSV01,MLMR_KC_A_1,,,,,,
WCB,MLMR_KC_A_2,\\WCDABMLSFSV01,MLMR_KC_A_2,,,,,,
WCB,MLMR_KC_A_5,\\WCDABMLSFSV01,MLMR_KC_A_5,,,,,,
WCB,MLMR_KC_B_3,\\WCDABMLSFSV01,MLMR_KC_B_3,,,,,,
WCB,MLMR_KC_B_4,\\WCDABMLSFSV01,MLMR_KC_B_4,,,,,,
WCB,MLMR_KC_B_Plotter,\\WCDABMLSFSV01,MLMR_KC_B_Plotter,,,,,,
WCB,MLMR_KC_DocControl,\\WCDABMLSFSV01,MLMR_KC_DocControl,,,,,,
WCB,MLMR_QPit_HP,\\WCDABMLSFSV01,MLMR_QPit_HP,,,,,,
WCB,MLMR_QPit_Ricoh,\\WCDABMLSFSV01,MLMR_QPit_Ricoh,,,,,,
WCB,MLMR_Qpit_Safety_Brother,\\WCDABMLSFSV01,MLMR_Qpit_Safety_Brother,,,,,,
WCB,MLMR_QPit_WareHouse_BR,\\WCDABMLSFSV01,MLMR_QPit_WareHouse_BR,,,,,,
WCB,MLMR_ScreeningPlant_Trailer8,\\WCDABMLSFSV01,MLMR_ScreeningPlant_Trailer8,,,,,,
KPD,HP Color LaserJet CP2025dn UPD PCL 5,\\KPDKSLACFSV01,KPDKSLACPMF06-2025Color,,,,,,
KPD,KPDKSLACCHKPTR,\\KPDKSLACFSV01,KPDKSLACCHKPTR,,,,,,
KPD,KPDKSLACPMF02BW,\\KPDKSLACFSV01,Ricoh 4001,,,,,,
KPD,KPDKSLACPMF03-3501Color,\\KPDKSLACFSV01,KPDKSLACPMF03-3501Color,,,,,,
KPD,KPDKSLACPMF04-Maintenance,\\KPDKSLACFSV01,KPDKSLACPMF04-Maintenance,,,,,,
KPD,KPDKSLACPMF08,\\KPDKSLACFSV01,KPDKSLACPMF08,,,,,,
KPD,KPDKSLACPMF08-DocControl,\\KPDKSLACFSV01,KPDKSLACPMF08-DocControl,,,,,,
KPD,KPDKSLACPPLT01,\\KPDKSLACFSV01,KPDKSLACPPLT01,,,,,,
KPD,KPDKSLACPRT01-Safety,\\KPDKSLACFSV01,KPDKSLACPRT01-Safety,, ,,,,
KPD,KPDKSLACPWF01-DocControl,\\KPDKSLACFSV01,KPDKSLACPWF01-DocControl,,,,,,
KPD,KPDNJWEC.Bullpen,\\KPDNJWECFSV01,KPDNJWEC.Bullpen,,,,,,
KPD,KPDNJWEC.DocControl,\\KPDNJWECFSV01,KPDNJWEC.DocControl,,,,,,
KPD,KPDNJWEC.GE-Trailer,\\KPDNJWECFSV01,KPDNJWEC.GE-Trailer,,,,,,
KPD,KPDNJWEC.NYConf,\\KPDNJWECFSV01,KPDNJWEC.NYConf,,,,,,
KPD,KPDNJWEC.Plotter,\\KPDNJWECFSV01,KPDNJWEC.Plotter,,,,,,
KPD,KPDNJWEC.ProjectControls,\\KPDNJWECFSV01,KPDNJWEC.ProjectControls,,,,,,
KPD,KPDNJWEC.Safety,\\KPDNJWECFSV01,KPDNJWEC.Safety,,,,,,
KPD,KPDNJWEC.Warehouse,\\KPDNJWECFSV01,KPDNJWEC.Warehouse,,,,,,
KPD,KPDNJWECPMF01,\\KPDNJWECFSV01,KPDNJWECPMF01,,,,,,
NOC,NOCCABARPMF01,\\NOCCABARFSV01,10.132.97.195,,,,,,
NOC,NOCCABR2PTR02,\\NOCCABARFSV01,10.132.97.131 KONICA MINOLTA C360SeriesPCL,,,,,,
NOC,NOCCABR2PTR03,\\NOCCABARFSV01,10.132.97.130 HP Designjet T790ps 44in PS3,,,,,,
NOC,NOCCABR2PTR04,\\NOCCABARFSV01,10.132.97.132 KONICA MINOLTA C452SeriesPCL,,,,,,
NOC,NOCCABR2PTR05,\\NOCCABARFSV01,10.132.97.133 HP LaserJet 200 color MFP M276 PCL 6,,,,,,
NOC,NOCCABR2PTR06,\\NOCCABARFSV01,HP Check Printer 10.132.97.134,,,,,,
KEC,KDEOX1_PCL6,\\KECABKEPFSV01,KDEOX1_PCL6,,,,,,
KEC,KDEOX2_PCL6,\\KECABKEPFSV01,KDEOX2_PCL6,,,,,,
KEC,KDEOX_Plotter,\\KECABKEPFSV01,KDEOX_Plotter,,,,,,
KEC,KEC_KFT_HP3015,\\KECABKEPFSV01,jack 132,,,,,,
KEC,KEP_MAINTENANCE,\\KECABKEPFSV01,KEP_MAINTENANCE,,,,,,
KEC,KEP_MAINTENANCE_PCL6,\\KECABKEPFSV01,KEP_MAINTENANCE_PCL6,,,,,,
KEC,KEP_PROCUREMENT,\\KECABKEPFSV01,KEP_PROCUREMENT,,,,,,
KEC,KEP_PROCUREMENT_PCL6,\\KECABKEPFSV01,KEP_PROCUREMENT_PCL6,,,,,,
KEC,Thickener_Plotter,\\KECABKEPFSV01,Thickener_Plotter,,,,,,
KEC,ThickenerN2,\\KECABKEPFSV01,ThickenerN2,,,,,,
KEC,ThickenerN4,\\KECABKEPFSV01,ThickenerN4,,,,,,
SOC,SOCCACDP-HPCheckPrinter,\\SOCCACDPFSV01,SOCCACDP-HPCheckPrinter,,,,,,
SOC,SOCCACDPPLT01,\\SOCCACDPFSV01,SOCCACDPPLT01,,,,,,
SOC,SOCCACDPPLT02,\\SOCCACDPFSV01,SOCCACDPPLT02,,,,,,
SOC,SOCCACDPPMF-IPSTrailer,\\SOCCACDPFSV01,SOCCACDPPMF-IPSTrailer,,,,,,
SOC,SOCCACDPPMF01-Warehouse,\\SOCCACDPFSV01,SOCCACDPPMF01-Warehouse,,,,,,
SOC,SOCCACDPPMF01BW,\\SOCCACDPFSV01,SOCCACDPPMF01BW,,,,,,
SOC,SOCCACDPPMF02BW,\\SOCCACDPFSV01,SOCCACDPPMF02BW,,,,,,
SOC,SOCCACDPPMF02COLOR,\\SOCCACDPFSV01,SOCCACDPPMF02COLOR,,,,,,
SOC,SOCCACDPPMF03COLORTRAILER,\\SOCCACDPFSV01,SOCCACDPPMF03COLORTRAILER,,,,,,
SOC,SOCCACDPPMF04COLOR-ROTRAILER,\\SOCCACDPFSV01,SOCCACDPPMF04COLOR-ROTRAILER,,,,,,
KBM,HP Designjet 4000 KBMHIFPY PLOTTER,\\KBMHIFPYFSV01,HP Designjet 4000 KBMHIFPY PLOTTER,,,,,,
KBM,HP Officejet KBMHIFPY Trailer 1,\\KBMHIFPYFSV01,HP Officejet KBMHIFPY Trailer 1,,,,,,
KBM,HP Officejet KBMHIFPY Trailer 2,\\KBMHIFPYFSV01,HP Officejet KBMHIFPY Trailer 2,,,,,,
KBM,HP Officejet KBMHIFPY Trailer 3,\\KBMHIFPYFSV01,HP Officejet KBMHIFPY Trailer 3,,,,,,
KBM,HP Officejet KBMHIFPY Trailer 4,\\KBMHIFPYFSV01,HP Officejet KBMHIFPY Trailer 4,,,,,,
KBM,Ricoh Aficio MP C3003 Farrington Precast Yard,\\KBMHIFPYFSV01,Ricoh Aficio MP C3003 Farrington Precast Yard,,,,,,
KBM,52CHPCP1525nw          Print           52C CP1525nw PCL 5 driver                  ,\\KBMWA52CFSV01,,,,,,,
KBM,52CHPCP1525nwConcrete  Print           52C CP1525nw PCL 5 driver                  ,\\KBMWA52CFSV01,,,,,,,
KBM,52CHPCP2025dn          Print           PCL5 driver                                ,\\KBMWA52CFSV01,,,,,,,
KBM,52cPlotter             Print           HP DesignJet 1055cm Plus using GPL driver  ,\\KBMWA52CFSV01,,,,,,,
KBM,52CRicoh6330n          Print           RICOH Aficio SP 6330N PCL 5e               ,\\KBMWA52CFSV01,,,,,,,
KBM,52CRICOHC2550          Print           Ricoh C2550 PCL5e driver                   ,\\KBMWA52CFSV01,,,,,,,
KBM,52CRicohC5000          Print           Ricoh C5000 PCL5e driver,\\KBMWA52CFSV01,,,,,,,
KSW,BIZHUBC351,\\KSWAZTRPFSV01,BIZHUBC351 ,,,,,,
KBG,KBGCOCSMPTR01,\\KBGCOCSMFSV01,Ricoh Aficio MP C2551 ,,,,,,
NOC,RC4000,\\NOCLAWB7FSV01,10.132.48.50,,,,,,
KBG,KBGCOUCCPTR01,\\kbgcouccfsv01,KBGCOUCCPTR01,,,,,,
KBG,KBGCOUCCPTR02,\\kbgcouccfsv01,KBGCOUCCPTR02,,,,,,
KCS,KCSCOCENPMF01,\\KCSCOCENFSV01,KCSCOCENPMF01,,,,,,
KBG,KBGHIKIIPMF01,\\KBGHIKIIFSV01,Ricoh MP C5000,,,,,,
NOC,HPDJ5000PS,\\NOCCACVDFSV01,10.132.80.51,,,,,,
NOC,KMC360CVD,\\NOCCACVDFSV01,10.132.80.50,,,,,,
KBG,KBGNEOCCPMF01 ,\\KBGNEOCCFSV01,Ricoh C2551 ,,,,,,
KBG,KBGNEOCCPMF02,\\KBGNEOCCFSV01,KBGNEOCCPMF02  ,,,,,,
EAS,EASNYCOL.Business ,\\EASNYCOLFSV01,HP 4250,,,,,,
EAS,EASNYCOL.CopierNorth,\\EASNYCOLFSV01,Ricoh MP 6001 PCL 6,,,,,,
KBG,KBGHIHONPMF01,\\KBGHIHONFSV01,Ricoh MP C6502 ,,,,,,
KBG,KBGHIHONPMF02,\\KBGHIHONFSV01,Ricoh MP C6502 ,,,,,,
KBG,KBGHIAIRPMF01,\\KBGHIAIRFSV01,RICOH Aficio MP C2050 PCL 6,,,,,,
KBG,KBGHIAIRPMF02,\\KBGHIAIRFSV01,KBGHIAIRPMF02,,,,,,
KBG,KBG-NE-LINCOLN-RICOH,\\KBGNELINFSV01,Ricoh MPC 4000,,,,,,
WCD,Ricoh C4501 PCL 6,\\WCDBCMICFSV01,10.172.48.200 ,,,,,,
WCD,WCDBCMICPWF02,\\WCDBCMICFSV01,Mica 5&6 Plotter ,,,,,,
TUS,TUSGAGWIPTR01,\\tusgagwifsv01,TUSGAGWIPTR01                          ,,,,,,
TUS,TUSGAGWIPTR04,\\tusgagwifsv01,Fab Shop OCE Imagistics im2830 Copier ,,,,,,
TSW,TSWNVCARPTR01  ,\\TSWNVCARFSV01,TSWNVCARPTR01   ,,,,,,
TSW,TSWNVCARPTR02,\\TSWNVCARFSV01,Sharp MX-7001N,,,,,,
KBG,KBGCAEXPPMF01  ,\\KBGCAEXPFSV01,Ricoh Aficio MP C3502 ,,,,,,
KBG,KBGCAEXPPTR01  ,\\KBGCAEXPFSV01,HP Color LaserJet 5525DN ,,,,,,
KBG,KBGTXHPEPMF01,\\KBGTXHPEFSV01,KBGTXHPEPMF01 ,,,,,,
KBG,KBGTXHPEPTR01  ,\\KBGTXHPEFSV01,Brother MFC-J6910DW,,,,,,
KBG,KBGTXHPEPWF01  ,\\KBGTXHPEFSV01,HP DesignJet T610 44inch ,,,,,,
KBG,KBGAKTLCPMF02  ,\\KBGAKTLCFSV01,Ricoh MP 3053 ,,,,,,
KBG,KBGAKTLCPTR01  ,\\KBGAKTLCFSV01,Ricoh Aficio MP C3502 PCL 6,,,,,,
TUS,TUSCAVENPTR01  ,\\TUSCAVENFSV01,10.217.169.130 Sharp AR-M550N PCL6 ,,,,,,
TUS,TUSCAVENPTR02,\\TUSCAVENFSV01,TUSCAVENPTR02                       ,,,,,,
